Sarabeths - Park Avenue South,381 Park Avenue South New York NY ,,40.742535,-73.984369
Just Salad - Chelsea,706 6th Avenue New York NY ,,40.742567,-73.99293
Just Salad - Park Ave South,315 Park Avenue South New York NY ,,40.740568,-73.985806
A Canaan Sushi,154 W 29th Street New York NY,,40.747496,-73.992238
ilili Box,999 Broadway New York NY,,40.742128,-73.988993
Dos Caminos,373 Park Avenue South New York NY,,40.742275,-73.984605
Chop Shop II,41 W 24th Street New York NY,,40.743256,-73.991434
Inday,1133 Broadway New York NY,,40.743903,-73.989169
Mulbery & Vine,55 W 27th Street New York NY,,40.745224,-73.990358
La Pecora Biana,1133 Broadway New York NY,,40.743903,-73.989169
